Age,All_races_Both_sexes,All_races_Male,All_races_Female,White_Both_sexes,White_Male,White_Female,All_other_Total_Both_sexes,All_other_Total_Male,All_other_Total_Female,All_other_Black_Both_sexes,All_other_Black_Male,All_other_Black_Female
0,100000,100000,100000,100000,100000,100000,100000,100000,100000,100000,100000,100000
1,99243,99169,99320,99372,99301,99445,98746,98653,98842,98499,98377,98624
2,99186,99104,99270,99322,99245,99402,98663,98557,98772,98404,98268,98544
3,99144,99057,99232,99285,99204,99369,98600,98489,98715,98332,98190,98479
4,99111,99022,99202,99257,99173,99343,98552,98438,98669,98277,98132,98427
5,99084,98993,99178,99234,99148,99322,98513,98396,98632,98233,98084,98385
6,99061,98967,99158,99214,99125,99304,98480,98359,98602,98195,"98,042",98351
7,99040,98943,99140,99195,99103,99288,98450,98325,98577,98162,98003,98323
8,99020,98920,99124,99177,99082,99274,98423,98293,98555,98133,97967,98300
9,99002,98899,99109,99161,99063,99261,98399,98266,98535,98107,97936,98279
10,98986,98881,99095,99146,99047,99248,98379,98244,98517,98085,97912,98259
11,98971,98866,99081,99133,99032,99236,98361,98227,98498,98065,97893,98238
12,98958,98850,99067,99119,99017,99224,98342,98209,98478,98043,97873,98216
13,98936,98827,99045,99100,98985,99207,98317,98181,98455,98014,97841,98190
14,98905,98789,99028,99072,98960,99186,98278,98130,98428,97970,97784,98160
15,98861,98730,98999,99031,98907,99159,98220,98046,98396,97905,97691,98124
16,98801,98653,98963,98976,98833,99124,98141,97931,98352,97816,97557,98082
17,98727,98543,98920,98908,98741,99082,98042,97780,98311,97704,97384,98032
18,98641,98420,98872,98830,98633,99035,97926,97601,98260,97572,97179,97976
19,98548,98286,98822,98746,98515,98987,97798,97402,98204,97426,96950,97915
20,98451,98144,98773,98659,98391,98941,97661,97189,98145,97270,96704,97850
21,98351,97995,98724,98571,98262,98897,97516,96962,98089,97104,96441,97780
22,98247,97839,98676,98480,98126,98854,97362,96721,98014,96926,96160,97704
23,98141,97678,98627,98387,97987,98811,97200,96470,97942,96738,95866,97622
24,98033,97515,98576,98294,97846,98767,97033,96213,97864,96539,95562,97533
25,97924,97353,98523,98200,97706,98721,96863,95955,97779,96339,95252,97433
26,97814,97192,98467,98106,97568,98673,96690,95697,97688,96129,94938,97324
27,97703,97030,98408,98011,97428,98624,96513,95438,97589,95907,94618,97205
28,97589,96868,98345,97913,97289,98571,96330,95175,97483,95685,94287,97075
29,97469,96696,98278,97810,97140,98516,96136,94895,97368,95445,93939,96934
30,97341,96511,98206,97700,96980,98457,95929,94599,97244,95188,93569,96761
31,97203,96313,98130,97581,96806,98394,95707,94282,97110,94913,93175,96618
32,97056,96101,98048,97454,96620,98327,95470,93946,96986,94621,92757,96439
33,96900,95877,97960,97319,96428,98256,95218,93580,96811,94310,92315,96249
34,96735,95642,97866,97176,96217,98178,94951,93215,96645,93982,91851,96045
35,96562,95397,97765,97026,96003,98095,94670,92822,96467,93636,91366,95827
36,96380,95149,97657,96869,95780,98005,94373,92411,96273,93271,90859,95594
37,96188,94876,97540,96703,95548,97908,94059,91979,96074,92887,90328,95348
38,95986,94598,97415,96529,95306,97804,93728,91524,95857,92481,88770,95081
39,95773,94307,97283,96346,95053,97693,93377,91044,95628,92051,88181,94798
40,95549,94002,97143,96153,94788,97576,93005,90536,95381,91594,88558,94497
41,95314,93688,96994,95950,94509,97451,92611,89991,95104,91109,87812,94187
42,95064,93343,96835,95735,94215,97317,92193,89428,94842,90596,87203,93834
43,94801,92989,96665,95508,93907,97174,91752,88829,94547,90055,86470,93472
44,94525,92619,96483,95269,93588,97023,91290,88186,94236,89468,85684,93090
45,94234,92233,96289,95016,93248,96853,90806,87550,93908,88890,84899,92685
46,93928,91830,96081,94747,92894,96672,90300,86869,93561,88265,84060,92258
47,93601,91407,95858,94461,92522,96476,89768,86120,93184,87598,83184,91803
48,93256,90959,95612,94153,92122,96260,89207,85412,92801,86920,82267,91328
49,92883,90480,95345,93819,91695,96022,88613,84627,92381,86195,81307,90820
50,92479,89966,95052,93455,91233,95759,87980,83799,91928,85430,80300,90280
51,92041,89413,94729,93057,90732,95466,87306,82923,91440,84623,78244,89705
52,91566,88817,94375,92623,90169,95142,86589,81998,90914,83772,78137,89092
53,91051,88176,94081,92151,89601,94785,85823,81023,90349,83037,76937,88437
54,90494,87486,93564,91636,88965,94395,85017,80000,89742,81930,75772,87735
55,89893,86745,93103,91078,88277,93968,84163,78929,89090,80935,74516,86982
56,89245,85950,92601,90473,87535,93502,83262,77810,88392,79890,"73,213",86177
57,88545,85095,92056,89817,86733,92993,82309,76639,87644,78782,71860,85316
58,87785,84170,91461,89101,85860,92438,81296,75402,86839,77630,70442,84382
59,86956,83163,90810,88316,84903,91824,80209,74081,86370,76391,68940,83398
60,86049,82063,90097,87454,83853,91151,79040,72664,85030,75065,67343,82326
61,85050,80864,89316,86509,82682,90412,77781,71142,84012,73645,65640,81175
62,83986,79565,88466,85479,81454,89604,76434,69520,82916,72134,63838,79936
63,82829,78168,87547,84364,80103,88727,75012,67816,81749,70549,61964,78627
64,81560,76679,86559,83151,78639,87775,73508,66057,80515,68836,59975,77226
65,80279,75097,85507,81884,77099,86763,72005,64260,79247,67239,58130,75833
66,78886,73426,84384,80516,75447,85672,70440,62437,77924,65542,56212,74366
67,77410,71661,83186,79058,73730,84591,68828,60580,76545,63812,54289,72847
68,75840,69788,81904,77487,71821,83403,67145,58643,75077,62000,52126,71249
69,74172,67818,80523,75845,69849,81888,65355,56643,73519,60123,50270,69534
70,72391,65725,79037,74076,67752,80429,63436,54500,71817,58094,48089,67878
71,70496,63514,77438,72193,65537,78859,61376,52223,68969,55920,45770,65666
72,68488,61191,75724,70197,63207,77175,59189,49830,67984,53620,43357,63513
73,66369,58763,73894,68087,60830,75372,56906,47357,65887,51236,40839,61252
74,64145,56240,71946,65863,58222,73444,54570,44856,63720,48827,38347,58946
75,61818,53632,69879,63525,55578,71395,52214,42365,61506,46436,35911,56823
76,59393,50985,67685,61048,52808,69202,49713,39772,59152,43944,33476,54683
77,56864,48184,65372,58509,50016,66860,47489,37459,56946,41747,31263,51956
78,54236,45354,62921,55834,47109,64385,45056,35028,54567,39419,29023,49576
79,51507,42458,60331,53051,44128,61764,42599,32591,52069,37068,26807,47128
80,48678,39502,57597,50162,41080,58994,40054,30137,49492,34676,24596,44584
81,45756,36487,54779,47207,37996,56103,37421,27660,46978,32084,22221,41950
82,42728,33445,51679,44080,34824,52995,34760,25184,43894,29741,20178,39174
83,39617,30368,48490,40897,31640,49760,32013,22712,40891,27214,18000,36309
84,36428,27271,45148,37628,28435,46364,29224,20280,37784,24679,15885,33358
85,33158,24190,41646,34275,25226,42805,26423,17927,34532,22175,13882,30350
